num missions,duration,total contact time,total non contact time,run time (seconds),
1,"3 days, 0:44:03",06:23:25,18:20:38,0.281857094,
2,"3 days, 1:19:22",12:40:34,12:38:48,0.552135298,
2,"3 days, 1:19:22",12:40:34,12:38:48,0.4844066,
3,"3 days, 1:19:22",18:56:38,06:22:44,0.73834303,
3,"3 days, 1:19:22",18:56:38,06:22:44,0.7537179765060102
4,"3 days, 3:35:59",20:28:42,07:07:17,0.8919474277951451
5,"3 days, 3:35:59",22:16:20,05:19:39,1.0109862493749517
